﻿serviceVPN,templateName,templateDescription,interfaceName,interfaceDescription,interfaceIPV4Name,dhcpHelper,notes
FT_Global_BR_VPN100_v3,FT_Global_BR_INTF_GE3.100_v1_Austin,FT_Global_BR_INTF_GE3.100_v1 Template,GigabitEthernet3.100,GigabitEthernet3.100 for VPN 100,vpn100_if_ipv4_address_GE3.100,"10.131.118.203,10.131.118.189",sample
FT_Global_BR_VPN100_v3,FT_Global_BR_INTF_GE3.401_v1_Austin,FT_Global_BR_INTF_GE3.401_v1 Template,GigabitEthernet3.401,GigabitEthernet3.401 for VPN 100,vpn100_if_ipv4_address_GE3.401,"10.131.118.203,10.131.118.189",
Demo_VPN_399,FT_Global_BR_INTF_GE3.398_v3_Austin,FT_Global_BR_INTF_GE3.398_v3_Austin Demo,GigabitEthernet3.398,GigabitEthernet3.398 for VPN 399,vpn100_if_ipv4_address_GE3.399,"10.131.118.203,10.131.118.189",
Demo_VPN_399,FT_Demo_Global_BR_INTF_GE3.399_v3,FT_Demo_Global_BR_INTF_GE3.399_v3 Demo,GigabitEthernet3.399,GigabitEthernet3.399 for VPN 399,vpn100_if_ipv4_address_GE3.399,"10.10.10.200,10.10.10.201",
