﻿zonebasedfwName,zonebasedfwDesc,sourceZone,destinationZone,sourceDataPrefixList,destinationDataPrefixList,baseAction,log,sourcePortList,sourcePort,destinationPortList,destionationPort,portocol,name,position,Branch,AutomationAction
api_SELF_Zone_to_KEEPALIVE,SELF_Zone_to_KEEPALIVE_Automation_API,self,KEEPALIVE,WK_DES_PREFIX,WK_DES_PREFIX,Pass,yes,,Any,,Any,Any,SELF_Zone_to_KEEPALIVE_Internal_allow,1,,
api_Self_Zone-to-VPN_zone,Self_Zone-to-VPN_zone_Automation_API,self,VPN,Any,WK_DES_PREFIX,Pass,yes,,Any,,Any,Any,Self_Zone-to-VPN_zone_Internal_allow,1,,
api_VPN-TO-VPN_Austin,VPN-TO-VPN_Austin_Automation_API,VPN,VPN,WK_DES_PREFIX,WK_BR_PREFIX,Inspect,yes,,Any,,Any,Any,VPN-TO-VPN_Internal_allow_Rule6,6,,
api_KEEPALIVE_to_SELF_Zone,KEEPALIVE_to_SELF_Zone_Automation_API,KEEPALIVE,self,WK_DES_PREFIX,WK_DES_PREFIX,Pass,yes,,Any,,Any,Any,KEEPALIVE_to_SELF_Zone_Internal_allow,1,,
